{"cameraMode":{"drawMode":0,"name":"Shaded","section":"Shading Mode"},"sceneLighting":true,"audioPlay":false,"sceneViewState":{"showFog":true,"showMaterialUpdate":false,"showSkybox":true,"showFlares":true,"showImageEffects":true,"showParticleSystems":true},"in2DMode":false,"pivot":{"x":498.42236328125,"y":738.51708984375,"z":-319.7019348144531},"rotation":{"x":-0.31649720668792727,"y":0.3137848973274231,"z":-0.11181021481752396,"w":-0.8881916999816895},"size":282.1069641113281,"orthographic":false}