{"cameraMode":{"drawMode":0,"name":"Shaded","section":"Shading Mode"},"sceneLighting":true,"audioPlay":false,"sceneViewState":{"showFog":true,"showMaterialUpdate":false,"showSkybox":true,"showFlares":true,"showImageEffects":true,"showParticleSystems":true},"in2DMode":false,"pivot":{"x":3.159576416015625,"y":6.9786529541015629,"z":-31.858963012695314},"rotation":{"x":-0.3595746159553528,"y":0.18082723021507264,"z":-0.07124045491218567,"w":-0.9126617908477783},"size":36.41280746459961,"orthographic":false}