{"cameraMode":{"drawMode":0,"name":"Shaded","section":"Shading Mode"},"sceneLighting":true,"audioPlay":false,"sceneViewState":{"showFog":true,"showMaterialUpdate":false,"showSkybox":true,"showFlares":true,"showImageEffects":true,"showParticleSystems":true},"in2DMode":false,"pivot":{"x":-1.910562515258789,"y":-1.8441333770751954,"z":-12.139494895935059},"rotation":{"x":-0.24843929708003999,"y":0.5897306799888611,"z":-0.19727063179016114,"w":-0.7426944971084595},"size":30.845415115356447,"orthographic":false}