{"cameraMode":{"drawMode":0,"name":"Shaded","section":"Shading Mode"},"sceneLighting":true,"audioPlay":false,"sceneViewState":{"showFog":true,"showMaterialUpdate":false,"showSkybox":true,"showFlares":true,"showImageEffects":true,"showParticleSystems":true},"in2DMode":false,"pivot":{"x":-29.892559051513673,"y":-11.169195175170899,"z":-10.226949691772461},"rotation":{"x":-0.30526256561279299,"y":0.5417878031730652,"z":-0.22005535662174226,"w":-0.7515727877616882},"size":72.89757537841797,"orthographic":false}