{"cameraMode":{"drawMode":0,"name":"Shaded","section":"Shading Mode"},"sceneLighting":false,"audioPlay":false,"sceneViewState":{"showFog":true,"showMaterialUpdate":true,"showSkybox":false,"showFlares":true,"showImageEffects":true,"showParticleSystems":true},"in2DMode":false,"pivot":{"x":-6.002735137939453,"y":13.540482521057129,"z":0.782835841178894},"rotation":{"x":-0.020508402958512307,"y":0.9762848615646362,"z":-0.18706022202968598,"w":-0.10703514516353607},"size":4.752490520477295,"orthographic":false}