{"cameraMode":{"drawMode":0,"name":"Shaded","section":"Shading Mode"},"sceneLighting":true,"audioPlay":false,"sceneViewState":{"showFog":true,"showMaterialUpdate":true,"showSkybox":true,"showFlares":true,"showImageEffects":true,"showParticleSystems":true},"in2DMode":false,"pivot":{"x":-0.2508944272994995,"y":0.41755950450897219,"z":-5.192858695983887},"rotation":{"x":-0.14151614904403687,"y":0.839650571346283,"z":-0.26140034198760989,"w":-0.4545677900314331},"size":12.503215789794922,"orthographic":false}