{"cameraMode":{"drawMode":0,"name":"Shaded","section":"Shading Mode"},"sceneLighting":true,"audioPlay":false,"sceneViewState":{"showFog":true,"showMaterialUpdate":true,"showSkybox":true,"showFlares":true,"showImageEffects":true,"showParticleSystems":true},"in2DMode":false,"pivot":{"x":-8.672306060791016,"y":-9.899452209472657,"z":-3.5565853118896486},"rotation":{"x":0.12695999443531037,"y":0.8693873286247253,"z":-0.3776664137840271,"w":0.29226168990135195},"size":56.559783935546878,"orthographic":false}