{"cameraMode":{"drawMode":0,"name":"Shaded","section":"Shading Mode"},"sceneLighting":true,"audioPlay":false,"sceneViewState":{"showFog":true,"showMaterialUpdate":true,"showSkybox":true,"showFlares":true,"showImageEffects":true,"showParticleSystems":true},"in2DMode":false,"pivot":{"x":5.805551528930664,"y":0.8694933652877808,"z":-7.841010093688965},"rotation":{"x":-0.020508402958512307,"y":0.9762848615646362,"z":-0.18706022202968598,"w":-0.10703514516353607},"size":5.614325523376465,"orthographic":false}