{"cameraMode":{"drawMode":0,"name":"Shaded","section":"Shading Mode"},"sceneLighting":false,"audioPlay":false,"sceneViewState":{"showFog":true,"showMaterialUpdate":true,"showSkybox":false,"showFlares":true,"showImageEffects":true,"showParticleSystems":true},"in2DMode":false,"pivot":{"x":-6.0038042068481449,"y":13.539947509765625,"z":0.8541118502616882},"rotation":{"x":-0.7017639875411987,"y":-0.005342876072973013,"z":-0.005263329017907381,"w":0.7123701572418213},"size":4.752490520477295,"orthographic":false}